player_id,sleeper_id,player_name,position,team,adp,canonical_format,source,adp_source_field,retrieved_at,beatadp_player_id,fantasycalc_rank,beatadp_recorded_at,normalized_name,pos_rank
9509,9509,Bijan Robinson,RB,ATL,1.9,sf_half_ppr,BeatADP Sleeper ADP,SLEEPER|HALF_PPR|REDRAFT|2QB,2026-08-19T05:18:32.889143+00:00,535,,2026-08-15,bijan robinson,1
9221,9221,Jahmyr Gibbs,RB,DET,2.3,sf_half_ppr,BeatADP Sleeper ADP,SLEEPER|HALF_PPR|REDRAFT|2QB,2026-08-19T05:18:32.889143+00:00,585,,2026-08-15,jahmyr gibbs,2
4984,4984,Josh Allen,QB,BUF,3.8,sf_half_ppr,BeatADP Sleeper ADP,SLEEPER|HALF_PPR|REDRAFT|2QB,2026-08-19T05:18:32.889143+00:00,431,,2026-08-15,josh allen,1
7564,7564,Ja'Marr Chase,WR,CIN,4.1,sf_half_ppr,BeatADP Sleeper ADP,SLEEPER|HALF_PPR|REDRAFT|2QB,2026-08-19T05:18:32.889143+00:00,720,,2026-08-15,ja marr chase,1
9493,9493,Puka Nacua,WR,LAR,5.4,sf_half_ppr,BeatADP Sleeper ADP,SLEEPER|HALF_PPR|REDRAFT|2QB,2026-08-19T05:18:32.889143+00:00,177,,2026-08-15,puka nacua,2
9488,9488,Jaxon Smith-Njigba,WR,SEA,6.5,sf_half_ppr,BeatADP Sleeper ADP,SLEEPER|HALF_PPR|REDRAFT|2QB,2026-08-19T05:18:32.889143+00:00,2,,2026-08-15,jaxon smith njigba,3
4034,4034,Christian McCaffrey,RB,SF,7.7,sf_half_ppr,BeatADP Sleeper ADP,SLEEPER|HALF_PPR|REDRAFT|2QB,2026-08-19T05:18:32.889143+00:00,760,,2026-08-15,christian mccaffrey,3
11564,11564,Drake Maye,QB,NE,8.5,sf_half_ppr,BeatADP Sleeper ADP,SLEEPER|HALF_PPR|REDRAFT|2QB,2026-08-19T05:18:32.889143+00:00,59,,2026-08-15,drake maye,2
6813,6813,Jonathan Taylor,RB,IND,8.5,sf_half_ppr,BeatADP Sleeper ADP,SLEEPER|HALF_PPR|REDRAFT|2QB,2026-08-19T05:18:32.889143+00:00,148,,2026-08-15,jonathan taylor,4
4881,4881,Lamar Jackson,QB,BAL,10.9,sf_half_ppr,BeatADP Sleeper ADP,SLEEPER|HALF_PPR|REDRAFT|2QB,2026-08-19T05:18:32.889143+00:00,185,,2026-08-15,lamar jackson,3
7547,7547,Amon-Ra St. Brown,WR,DET,11.5,sf_half_ppr,BeatADP Sleeper ADP,SLEEPER|HALF_PPR|REDRAFT|2QB,2026-08-19T05:18:32.889143+00:00,662,,2026-08-15,amon ra st brown,4
8138,8138,James Cook,RB,BUF,12.4,sf_half_ppr,BeatADP Sleeper ADP,SLEEPER|HALF_PPR|REDRAFT|2QB,2026-08-19T05:18:32.889143+00:00,435,,2026-08-15,james cook,5
6786,6786,CeeDee Lamb,WR,DAL,13.3,sf_half_ppr,BeatADP Sleeper ADP,SLEEPER|HALF_PPR|REDRAFT|2QB,2026-08-19T05:18:32.889143+00:00,774,,2026-08-15,ceedee lamb,5
6770,6770,Joe Burrow,QB,CIN,14.1,sf_half_ppr,BeatADP Sleeper ADP,SLEEPER|HALF_PPR|REDRAFT|2QB,2026-08-19T05:18:32.889143+00:00,646,,2026-08-15,joe burrow,4
6794,6794,Justin Jefferson,WR,MIN,15.7,sf_half_ppr,BeatADP Sleeper ADP,SLEEPER|HALF_PPR|REDRAFT|2QB,2026-08-19T05:18:32.889143+00:00,324,,2026-08-15,justin jefferson,6
12527,12527,Ashton Jeanty,RB,LV,16.8,sf_half_ppr,BeatADP Sleeper ADP,SLEEPER|HALF_PPR|REDRAFT|2QB,2026-08-19T05:18:32.889143+00:00,43,,2026-08-15,ashton jeanty,6
8130,8130,Trey McBride,TE,ARI,17.1,sf_half_ppr,BeatADP Sleeper ADP,SLEEPER|HALF_PPR|REDRAFT|2QB,2026-08-19T05:18:32.889143+00:00,265,,2026-08-15,trey mcbride,1
11566,11566,Jayden Daniels,QB,WSH,17.3,sf_half_ppr,BeatADP Sleeper ADP,SLEEPER|HALF_PPR|REDRAFT|2QB,2026-08-19T05:18:32.889143+00:00,818,,2026-08-15,jayden daniels,5
9226,9226,De'Von Achane,RB,MIA,19.1,sf_half_ppr,BeatADP Sleeper ADP,SLEEPER|HALF_PPR|REDRAFT|2QB,2026-08-19T05:18:32.889143+00:00,614,,2026-08-15,de von achane,7
11604,11604,Brock Bowers,TE,LV,20.5,sf_half_ppr,BeatADP Sleeper ADP,SLEEPER|HALF_PPR|REDRAFT|2QB,2026-08-19T05:18:32.889143+00:00,849,,2026-08-15,brock bowers,2
4866,4866,Saquon Barkley,RB,PHI,21.0,sf_half_ppr,BeatADP Sleeper ADP,SLEEPER|HALF_PPR|REDRAFT|2QB,2026-08-19T05:18:32.889143+00:00,321,,2026-08-15,saquon barkley,8
11560,11560,Caleb Williams,QB,CHI,22.3,sf_half_ppr,BeatADP Sleeper ADP,SLEEPER|HALF_PPR|REDRAFT|2QB,2026-08-19T05:18:32.889143+00:00,205,,2026-08-15,caleb williams,6
8112,8112,Drake London,WR,ATL,23.0,sf_half_ppr,BeatADP Sleeper ADP,SLEEPER|HALF_PPR|REDRAFT|2QB,2026-08-19T05:18:32.889143+00:00,797,,2026-08-15,drake london,7
12507,12507,Omarion Hampton,RB,LAC,24.2,sf_half_ppr,BeatADP Sleeper ADP,SLEEPER|HALF_PPR|REDRAFT|2QB,2026-08-19T05:18:32.889143+00:00,766,,2026-08-15,omarion hampton,9
9224,9224,Chase Brown,RB,CIN,26.1,sf_half_ppr,BeatADP Sleeper ADP,SLEEPER|HALF_PPR|REDRAFT|2QB,2026-08-19T05:18:32.889143+00:00,630,,2026-08-15,chase brown,10
5859,5859,A.J. Brown,WR,NE,26.4,sf_half_ppr,BeatADP Sleeper ADP,SLEEPER|HALF_PPR|REDRAFT|2QB,2026-08-19T05:18:32.889143+00:00,628,,2026-08-15,a j brown,8
6904,6904,Jalen Hurts,QB,PHI,28.6,sf_half_ppr,BeatADP Sleeper ADP,SLEEPER|HALF_PPR|REDRAFT|2QB,2026-08-19T05:18:32.889143+00:00,295,,2026-08-15,jalen hurts,7
7569,7569,Nico Collins,WR,HOU,29.4,sf_half_ppr,BeatADP Sleeper ADP,SLEEPER|HALF_PPR|REDRAFT|2QB,2026-08-19T05:18:32.889143+00:00,416,,2026-08-15,nico collins,9
6797,6797,Justin Herbert,QB,LAC,30.8,sf_half_ppr,BeatADP Sleeper ADP,SLEEPER|HALF_PPR|REDRAFT|2QB,2026-08-19T05:18:32.889143+00:00,11,,2026-08-15,justin herbert,8
8137,8137,George Pickens,WR,DAL,31.0,sf_half_ppr,BeatADP Sleeper ADP,SLEEPER|HALF_PPR|REDRAFT|2QB,2026-08-19T05:18:32.889143+00:00,154,,2026-08-15,george pickens,10
13287,13287,Jeremiyah Love,RB,ARI,32.4,sf_half_ppr,BeatADP Sleeper ADP,SLEEPER|HALF_PPR|REDRAFT|2QB,2026-08-19T05:18:32.889143+00:00,940,,2026-08-15,jeremiyah love,11
3198,3198,Derrick Henry,RB,BAL,33.3,sf_half_ppr,BeatADP Sleeper ADP,SLEEPER|HALF_PPR|REDRAFT|2QB,2026-08-19T05:18:32.889143+00:00,235,,2026-08-15,derrick henry,12
11632,11632,Malik Nabers,WR,NYG,34.0,sf_half_ppr,BeatADP Sleeper ADP,SLEEPER|HALF_PPR|REDRAFT|2QB,2026-08-19T05:18:32.889143+00:00,557,,2026-08-15,malik nabers,11
8144,8144,Chris Olave,WR,NO,35.3,sf_half_ppr,BeatADP Sleeper ADP,SLEEPER|HALF_PPR|REDRAFT|2QB,2026-08-19T05:18:32.889143+00:00,216,,2026-08-15,chris olave,12
12508,12508,Jaxson Dart,QB,NYG,35.6,sf_half_ppr,BeatADP Sleeper ADP,SLEEPER|HALF_PPR|REDRAFT|2QB,2026-08-19T05:18:32.889143+00:00,825,,2026-08-15,jaxson dart,9
10229,10229,Rashee Rice,WR,KC,37.7,sf_half_ppr,BeatADP Sleeper ADP,SLEEPER|HALF_PPR|REDRAFT|2QB,2026-08-19T05:18:32.889143+00:00,631,,2026-08-15,rashee rice,13
12517,12517,Colston Loveland,TE,CHI,38.1,sf_half_ppr,BeatADP Sleeper ADP,SLEEPER|HALF_PPR|REDRAFT|2QB,2026-08-19T05:18:32.889143+00:00,158,,2026-08-15,colston loveland,3
7523,7523,Trevor Lawrence,QB,JAX,39.4,sf_half_ppr,BeatADP Sleeper ADP,SLEEPER|HALF_PPR|REDRAFT|2QB,2026-08-19T05:18:32.889143+00:00,337,,2026-08-15,trevor lawrence,10
5850,5850,Josh Jacobs,RB,GB,40.4,sf_half_ppr,BeatADP Sleeper ADP,SLEEPER|HALF_PPR|REDRAFT|2QB,2026-08-19T05:18:32.889143+00:00,44,,2026-08-15,josh jacobs,13
3294,3294,Dak Prescott,QB,DAL,41.3,sf_half_ppr,BeatADP Sleeper ADP,SLEEPER|HALF_PPR|REDRAFT|2QB,2026-08-19T05:18:32.889143+00:00,429,,2026-08-15,dak prescott,11
4046,4046,Patrick Mahomes,QB,KC,42.3,sf_half_ppr,BeatADP Sleeper ADP,SLEEPER|HALF_PPR|REDRAFT|2QB,2026-08-19T05:18:32.889143+00:00,920,,2026-08-15,patrick mahomes,12
8155,8155,Breece Hall,RB,NYJ,43.2,sf_half_ppr,BeatADP Sleeper ADP,SLEEPER|HALF_PPR|REDRAFT|2QB,2026-08-19T05:18:32.889143+00:00,138,,2026-08-15,breece hall,14
11563,11563,Bo Nix,QB,DEN,44.8,sf_half_ppr,BeatADP Sleeper ADP,SLEEPER|HALF_PPR|REDRAFT|2QB,2026-08-19T05:18:32.889143+00:00,69,,2026-08-15,bo nix,13
8150,8150,Kyren Williams,RB,LAR,44.8,sf_half_ppr,BeatADP Sleeper ADP,SLEEPER|HALF_PPR|REDRAFT|2QB,2026-08-19T05:18:32.889143+00:00,275,,2026-08-15,kyren williams,15
12526,12526,Tetairoa McMillan,WR,CAR,46.7,sf_half_ppr,BeatADP Sleeper ADP,SLEEPER|HALF_PPR|REDRAFT|2QB,2026-08-19T05:18:32.889143+00:00,698,,2026-08-15,tetairoa mcmillan,14
6801,6801,Tee Higgins,WR,CIN,47.0,sf_half_ppr,BeatADP Sleeper ADP,SLEEPER|HALF_PPR|REDRAFT|2QB,2026-08-19T05:18:32.889143+00:00,428,,2026-08-15,tee higgins,15
12518,12518,Tyler Warren,TE,IND,48.3,sf_half_ppr,BeatADP Sleeper ADP,SLEEPER|HALF_PPR|REDRAFT|2QB,2026-08-19T05:18:32.889143+00:00,322,,2026-08-15,tyler warren,4
11584,11584,Bucky Irving,RB,TB,49.9,sf_half_ppr,BeatADP Sleeper ADP,SLEEPER|HALF_PPR|REDRAFT|2QB,2026-08-19T05:18:32.889143+00:00,599,,2026-08-15,bucky irving,16
7588,7588,Javonte Williams,RB,DAL,50.1,sf_half_ppr,BeatADP Sleeper ADP,SLEEPER|HALF_PPR|REDRAFT|2QB,2026-08-19T05:18:32.889143+00:00,357,,2026-08-15,javonte williams,17
8183,8183,Brock Purdy,QB,SF,51.2,sf_half_ppr,BeatADP Sleeper ADP,SLEEPER|HALF_PPR|REDRAFT|2QB,2026-08-19T05:18:32.889143+00:00,795,,2026-08-15,brock purdy,14
8146,8146,Garrett Wilson,WR,NYJ,52.0,sf_half_ppr,BeatADP Sleeper ADP,SLEEPER|HALF_PPR|REDRAFT|2QB,2026-08-19T05:18:32.889143+00:00,623,,2026-08-15,garrett wilson,16
9997,9997,Zay Flowers,WR,BAL,53.5,sf_half_ppr,BeatADP Sleeper ADP,SLEEPER|HALF_PPR|REDRAFT|2QB,2026-08-19T05:18:32.889143+00:00,854,,2026-08-15,zay flowers,17
7525,7525,DeVonta Smith,WR,PHI,53.6,sf_half_ppr,BeatADP Sleeper ADP,SLEEPER|HALF_PPR|REDRAFT|2QB,2026-08-19T05:18:32.889143+00:00,689,,2026-08-15,devonta smith,18
11635,11635,Ladd McConkey,WR,LAC,55.5,sf_half_ppr,BeatADP Sleeper ADP,SLEEPER|HALF_PPR|REDRAFT|2QB,2026-08-19T05:18:32.889143+00:00,12,,2026-08-15,ladd mcconkey,19
12514,12514,Emeka Egbuka,WR,TB,56.7,sf_half_ppr,BeatADP Sleeper ADP,SLEEPER|HALF_PPR|REDRAFT|2QB,2026-08-19T05:18:32.889143+00:00,170,,2026-08-15,emeka egbuka,20
12481,12481,Cam Skattebo,RB,NYG,58.5,sf_half_ppr,BeatADP Sleeper ADP,SLEEPER|HALF_PPR|REDRAFT|2QB,2026-08-19T05:18:32.889143+00:00,712,,2026-08-15,cam skattebo,18
7526,7526,Jaylen Waddle,WR,DEN,59.4,sf_half_ppr,BeatADP Sleeper ADP,SLEEPER|HALF_PPR|REDRAFT|2QB,2026-08-19T05:18:32.889143+00:00,521,,2026-08-15,jaylen waddle,21
3163,3163,Jared Goff,QB,DET,61.8,sf_half_ppr,BeatADP Sleeper ADP,SLEEPER|HALF_PPR|REDRAFT|2QB,2026-08-19T05:18:32.889143+00:00,17,,2026-08-15,jared goff,15
2133,2133,Davante Adams,WR,LAR,62.1,sf_half_ppr,BeatADP Sleeper ADP,SLEEPER|HALF_PPR|REDRAFT|2QB,2026-08-19T05:18:32.889143+00:00,459,,2026-08-15,davante adams,22
12529,12529,TreVeyon Henderson,RB,NE,62.4,sf_half_ppr,BeatADP Sleeper ADP,SLEEPER|HALF_PPR|REDRAFT|2QB,2026-08-19T05:18:32.889143+00:00,746,,2026-08-15,treveyon henderson,19
6804,6804,Jordan Love,QB,GB,64.3,sf_half_ppr,BeatADP Sleeper ADP,SLEEPER|HALF_PPR|REDRAFT|2QB,2026-08-19T05:18:32.889143+00:00,218,,2026-08-15,jordan love,16
421,421,Matthew Stafford,QB,LAR,65.8,sf_half_ppr,BeatADP Sleeper ADP,SLEEPER|HALF_PPR|REDRAFT|2QB,2026-08-19T05:18:32.889143+00:00,380,,2026-08-15,matthew stafford,17
12512,12512,Quinshon Judkins,RB,CLE,66.0,sf_half_ppr,BeatADP Sleeper ADP,SLEEPER|HALF_PPR|REDRAFT|2QB,2026-08-19T05:18:32.889143+00:00,181,,2026-08-15,quinshon judkins,20
5927,5927,Terry McLaurin,WR,WSH,67.3,sf_half_ppr,BeatADP Sleeper ADP,SLEEPER|HALF_PPR|REDRAFT|2QB,2026-08-19T05:18:32.889143+00:00,206,,2026-08-15,terry mclaurin,23
8148,8148,Jameson Williams,WR,DET,68.9,sf_half_ppr,BeatADP Sleeper ADP,SLEEPER|HALF_PPR|REDRAFT|2QB,2026-08-19T05:18:32.889143+00:00,41,,2026-08-15,jameson williams,24
4892,4892,Baker Mayfield,QB,TB,69.7,sf_half_ppr,BeatADP Sleeper ADP,SLEEPER|HALF_PPR|REDRAFT|2QB,2026-08-19T05:18:32.889143+00:00,81,,2026-08-15,baker mayfield,18
6790,6790,D'Andre Swift,RB,CHI,70.6,sf_half_ppr,BeatADP Sleeper ADP,SLEEPER|HALF_PPR|REDRAFT|2QB,2026-08-19T05:18:32.889143+00:00,222,,2026-08-15,d andre swift,21
5892,5892,David Montgomery,RB,HOU,71.0,sf_half_ppr,BeatADP Sleeper ADP,SLEEPER|HALF_PPR|REDRAFT|2QB,2026-08-19T05:18:32.889143+00:00,519,,2026-08-15,david montgomery,22
10859,10859,Sam LaPorta,TE,DET,71.6,sf_half_ppr,BeatADP Sleeper ADP,SLEEPER|HALF_PPR|REDRAFT|2QB,2026-08-19T05:18:32.889143+00:00,678,,2026-08-15,sam laporta,5
4983,4983,DJ Moore,WR,BUF,75.5,sf_half_ppr,BeatADP Sleeper ADP,SLEEPER|HALF_PPR|REDRAFT|2QB,2026-08-19T05:18:32.889143+00:00,413,,2026-08-15,dj moore,25
2216,2216,Mike Evans,WR,SF,76.1,sf_half_ppr,BeatADP Sleeper ADP,SLEEPER|HALF_PPR|REDRAFT|2QB,2026-08-19T05:18:32.889143+00:00,219,,2026-08-15,mike evans,26
9484,9484,Tucker Kraft,TE,GB,77.3,sf_half_ppr,BeatADP Sleeper ADP,SLEEPER|HALF_PPR|REDRAFT|2QB,2026-08-19T05:18:32.889143+00:00,513,,2026-08-15,tucker kraft,6
13279,13279,Carnell Tate,WR,TEN,79.8,sf_half_ppr,BeatADP Sleeper ADP,SLEEPER|HALF_PPR|REDRAFT|2QB,2026-08-19T05:18:32.889143+00:00,942,,2026-08-15,carnell tate,27
8167,8167,Christian Watson,WR,GB,80.1,sf_half_ppr,BeatADP Sleeper ADP,SLEEPER|HALF_PPR|REDRAFT|2QB,2026-08-19T05:18:32.889143+00:00,657,,2026-08-15,christian watson,28
11620,11620,Rome Odunze,WR,CHI,80.9,sf_half_ppr,BeatADP Sleeper ADP,SLEEPER|HALF_PPR|REDRAFT|2QB,2026-08-19T05:18:32.889143+00:00,299,,2026-08-15,rome odunze,29
12545,12545,Tyler Shough,QB,NO,82.0,sf_half_ppr,BeatADP Sleeper ADP,SLEEPER|HALF_PPR|REDRAFT|2QB,2026-08-19T05:18:32.889143+00:00,408,,2026-08-15,tyler shough,19
8228,8228,Jaylen Warren,RB,PIT,83.2,sf_half_ppr,BeatADP Sleeper ADP,SLEEPER|HALF_PPR|REDRAFT|2QB,2026-08-19T05:18:32.889143+00:00,773,,2026-08-15,jaylen warren,23
5849,5849,Kyler Murray,QB,MIN,84.8,sf_half_ppr,BeatADP Sleeper ADP,SLEEPER|HALF_PPR|REDRAFT|2QB,2026-08-19T05:18:32.889143+00:00,484,,2026-08-15,kyler murray,20
12489,12489,RJ Harvey,RB,DEN,85.1,sf_half_ppr,BeatADP Sleeper ADP,SLEEPER|HALF_PPR|REDRAFT|2QB,2026-08-19T05:18:32.889143+00:00,197,,2026-08-15,rj harvey,24
4943,4943,Sam Darnold,QB,SEA,86.7,sf_half_ppr,BeatADP Sleeper ADP,SLEEPER|HALF_PPR|REDRAFT|2QB,2026-08-19T05:18:32.889143+00:00,550,,2026-08-15,sam darnold,21
13281,13281,Jordyn Tyson,WR,NO,87.8,sf_half_ppr,BeatADP Sleeper ADP,SLEEPER|HALF_PPR|REDRAFT|2QB,2026-08-19T05:18:32.889143+00:00,943,,2026-08-15,jordyn tyson,30
13286,13286,Jadarian Price,RB,SEA,89.5,sf_half_ppr,BeatADP Sleeper ADP,SLEEPER|HALF_PPR|REDRAFT|2QB,2026-08-19T05:18:32.889143+00:00,949,,2026-08-15,jadarian price,25
5846,5846,DK Metcalf,WR,PIT,89.7,sf_half_ppr,BeatADP Sleeper ADP,SLEEPER|HALF_PPR|REDRAFT|2QB,2026-08-19T05:18:32.889143+00:00,893,,2026-08-15,dk metcalf,31
9487,9487,Parker Washington,WR,JAX,91.2,sf_half_ppr,BeatADP Sleeper ADP,SLEEPER|HALF_PPR|REDRAFT|2QB,2026-08-19T05:18:32.889143+00:00,290,,2026-08-15,parker washington,32
9758,9758,C.J. Stroud,QB,HOU,92.1,sf_half_ppr,BeatADP Sleeper ADP,SLEEPER|HALF_PPR|REDRAFT|2QB,2026-08-19T05:18:32.889143+00:00,913,,2026-08-15,c j stroud,22
5045,5045,Courtland Sutton,WR,DEN,95.8,sf_half_ppr,BeatADP Sleeper ADP,SLEEPER|HALF_PPR|REDRAFT|2QB,2026-08-19T05:18:32.889143+00:00,273,,2026-08-15,courtland sutton,33
7611,7611,Rhamondre Stevenson,RB,NE,96.9,sf_half_ppr,BeatADP Sleeper ADP,SLEEPER|HALF_PPR|REDRAFT|2QB,2026-08-19T05:18:32.889143+00:00,882,,2026-08-15,rhamondre stevenson,26
13269,13269,Fernando Mendoza,QB,LV,97.2,sf_half_ppr,BeatADP Sleeper ADP,SLEEPER|HALF_PPR|REDRAFT|2QB,2026-08-19T05:18:32.889143+00:00,951,,2026-08-15,fernando mendoza,23
10232,10232,Michael Wilson,WR,ARI,98.3,sf_half_ppr,BeatADP Sleeper ADP,SLEEPER|HALF_PPR|REDRAFT|2QB,2026-08-19T05:18:32.889143+00:00,495,,2026-08-15,michael wilson,34
10236,10236,Dalton Kincaid,TE,BUF,98.9,sf_half_ppr,BeatADP Sleeper ADP,SLEEPER|HALF_PPR|REDRAFT|2QB,2026-08-19T05:18:32.889143+00:00,47,,2026-08-15,dalton kincaid,7
7594,7594,Chuba Hubbard,RB,CAR,100.4,sf_half_ppr,BeatADP Sleeper ADP,SLEEPER|HALF_PPR|REDRAFT|2QB,2026-08-19T05:18:32.889143+00:00,51,,2026-08-15,chuba hubbard,27
5967,5967,Tony Pollard,RB,TEN,101.4,sf_half_ppr,BeatADP Sleeper ADP,SLEEPER|HALF_PPR|REDRAFT|2QB,2026-08-19T05:18:32.889143+00:00,350,,2026-08-15,tony pollard,28
13294,13294,Makai Lemon,WR,PHI,102.3,sf_half_ppr,BeatADP Sleeper ADP,SLEEPER|HALF_PPR|REDRAFT|2QB,2026-08-19T05:18:32.889143+00:00,941,,2026-08-15,makai lemon,35
7021,7021,Rico Dowdle,RB,PIT,103.4,sf_half_ppr,BeatADP Sleeper ADP,SLEEPER|HALF_PPR|REDRAFT|2QB,2026-08-19T05:18:32.889143+00:00,360,,2026-08-15,rico dowdle,29
1466,1466,Travis Kelce,TE,KC,104.0,sf_half_ppr,BeatADP Sleeper ADP,SLEEPER|HALF_PPR|REDRAFT|2QB,2026-08-19T05:18:32.889143+00:00,397,,2026-08-15,travis kelce,8
8161,8161,Malik Willis,QB,MIA,105.9,sf_half_ppr,BeatADP Sleeper ADP,SLEEPER|HALF_PPR|REDRAFT|2QB,2026-08-19T05:18:32.889143+00:00,446,,2026-08-15,malik willis,24
12534,12534,Kyle Monangai,RB,CHI,106.8,sf_half_ppr,BeatADP Sleeper ADP,SLEEPER|HALF_PPR|REDRAFT|2QB,2026-08-19T05:18:32.889143+00:00,716,,2026-08-15,kyle monangai,30
4217,4217,George Kittle,TE,SF,107.2,sf_half_ppr,BeatADP Sleeper ADP,SLEEPER|HALF_PPR|REDRAFT|2QB,2026-08-19T05:18:32.889143+00:00,634,,2026-08-15,george kittle,9
5870,5870,Daniel Jones,QB,IND,108.0,sf_half_ppr,BeatADP Sleeper ADP,SLEEPER|HALF_PPR|REDRAFT|2QB,2026-08-19T05:18:32.889143+00:00,422,,2026-08-15,daniel jones,25
9228,9228,Bryce Young,QB,CAR,109.4,sf_half_ppr,BeatADP Sleeper ADP,SLEEPER|HALF_PPR|REDRAFT|2QB,2026-08-19T05:18:32.889143+00:00,876,,2026-08-15,bryce young,26
6806,6806,J.K. Dobbins,RB,DEN,110.6,sf_half_ppr,BeatADP Sleeper ADP,SLEEPER|HALF_PPR|REDRAFT|2QB,2026-08-19T05:18:32.889143+00:00,20,,2026-08-15,j k dobbins,31
8110,8110,Jake Ferguson,TE,DAL,111.0,sf_half_ppr,BeatADP Sleeper ADP,SLEEPER|HALF_PPR|REDRAFT|2QB,2026-08-19T05:18:32.889143+00:00,327,,2026-08-15,jake ferguson,10
4037,4037,Chris Godwin,WR,TB,112.4,sf_half_ppr,BeatADP Sleeper ADP,SLEEPER|HALF_PPR|REDRAFT|2QB,2026-08-19T05:18:32.889143+00:00,289,,2026-08-15,chris godwin,36
8142,8142,Alec Pierce,WR,IND,113.7,sf_half_ppr,BeatADP Sleeper ADP,SLEEPER|HALF_PPR|REDRAFT|2QB,2026-08-19T05:18:32.889143+00:00,572,,2026-08-15,alec pierce,37
5012,5012,Mark Andrews,TE,BAL,114.8,sf_half_ppr,BeatADP Sleeper ADP,SLEEPER|HALF_PPR|REDRAFT|2QB,2026-08-19T05:18:32.889143+00:00,371,,2026-08-15,mark andrews,11
11586,11586,Blake Corum,RB,LAR,115.1,sf_half_ppr,BeatADP Sleeper ADP,SLEEPER|HALF_PPR|REDRAFT|2QB,2026-08-19T05:18:32.889143+00:00,255,,2026-08-15,blake corum,32
5947,5947,Jakobi Meyers,WR,JAX,116.9,sf_half_ppr,BeatADP Sleeper ADP,SLEEPER|HALF_PPR|REDRAFT|2QB,2026-08-19T05:18:32.889143+00:00,708,,2026-08-15,jakobi meyers,38
5022,5022,Dallas Goedert,TE,PHI,118.9,sf_half_ppr,BeatADP Sleeper ADP,SLEEPER|HALF_PPR|REDRAFT|2QB,2026-08-19T05:18:32.889143+00:00,343,,2026-08-15,dallas goedert,12
8131,8131,Isaiah Likely,TE,NYG,119.0,sf_half_ppr,BeatADP Sleeper ADP,SLEEPER|HALF_PPR|REDRAFT|2QB,2026-08-19T05:18:32.889143+00:00,172,,2026-08-15,isaiah likely,13
9756,9756,Jordan Addison,WR,MIN,121.8,sf_half_ppr,BeatADP Sleeper ADP,SLEEPER|HALF_PPR|REDRAFT|2QB,2026-08-19T05:18:32.889143+00:00,201,,2026-08-15,jordan addison,39
3214,3214,Hunter Henry,TE,NE,122.6,sf_half_ppr,BeatADP Sleeper ADP,SLEEPER|HALF_PPR|REDRAFT|2QB,2026-08-19T05:18:32.889143+00:00,52,,2026-08-15,hunter henry,14
9754,9754,Quentin Johnston,WR,LAC,123.8,sf_half_ppr,BeatADP Sleeper ADP,SLEEPER|HALF_PPR|REDRAFT|2QB,2026-08-19T05:18:32.889143+00:00,839,,2026-08-15,quentin johnston,40
8126,8126,Wan'Dale Robinson,WR,TEN,124.3,sf_half_ppr,BeatADP Sleeper ADP,SLEEPER|HALF_PPR|REDRAFT|2QB,2026-08-19T05:18:32.889143+00:00,401,,2026-08-15,wan dale robinson,41
10222,10222,Jayden Reed,WR,GB,125.2,sf_half_ppr,BeatADP Sleeper ADP,SLEEPER|HALF_PPR|REDRAFT|2QB,2026-08-19T05:18:32.889143+00:00,885,,2026-08-15,jayden reed,42
9500,9500,Josh Downs,WR,IND,127.3,sf_half_ppr,BeatADP Sleeper ADP,SLEEPER|HALF_PPR|REDRAFT|2QB,2026-08-19T05:18:32.889143+00:00,790,,2026-08-15,josh downs,43
12533,12533,Jacory Croskey-Merritt,RB,WSH,129.5,sf_half_ppr,BeatADP Sleeper ADP,SLEEPER|HALF_PPR|REDRAFT|2QB,2026-08-19T05:18:32.889143+00:00,200,,2026-08-15,jacory croskey merritt,33
2449,2449,Stefon Diggs,WR,,130.6,sf_half_ppr,BeatADP Sleeper ADP,SLEEPER|HALF_PPR|REDRAFT|2QB,2026-08-19T05:18:32.889143+00:00,241,,2026-08-15,stefon diggs,44
11583,11583,Jonathon Brooks,RB,CAR,131.9,sf_half_ppr,BeatADP Sleeper ADP,SLEEPER|HALF_PPR|REDRAFT|2QB,2026-08-19T05:18:32.889143+00:00,249,,2026-08-15,jonathon brooks,34
8408,8408,Jordan Mason,RB,MIN,132.4,sf_half_ppr,BeatADP Sleeper ADP,SLEEPER|HALF_PPR|REDRAFT|2QB,2026-08-19T05:18:32.889143+00:00,910,,2026-08-15,jordan mason,35
9480,9480,Brenton Strange,TE,JAX,133.8,sf_half_ppr,BeatADP Sleeper ADP,SLEEPER|HALF_PPR|REDRAFT|2QB,2026-08-19T05:18:32.889143+00:00,477,,2026-08-15,brenton strange,15
11624,11624,Xavier Worthy,WR,KC,134.4,sf_half_ppr,BeatADP Sleeper ADP,SLEEPER|HALF_PPR|REDRAFT|2QB,2026-08-19T05:18:32.889143+00:00,632,,2026-08-15,xavier worthy,45
8121,8121,Romeo Doubs,WR,NE,136.1,sf_half_ppr,BeatADP Sleeper ADP,SLEEPER|HALF_PPR|REDRAFT|2QB,2026-08-19T05:18:32.889143+00:00,898,,2026-08-15,romeo doubs,46
13330,13330,Kenyon Sadiq,TE,NYJ,137.0,sf_half_ppr,BeatADP Sleeper ADP,SLEEPER|HALF_PPR|REDRAFT|2QB,2026-08-19T05:18:32.889143+00:00,945,,2026-08-15,kenyon sadiq,16
8136,8136,Rachaad White,RB,WSH,138.1,sf_half_ppr,BeatADP Sleeper ADP,SLEEPER|HALF_PPR|REDRAFT|2QB,2026-08-19T05:18:32.889143+00:00,283,,2026-08-15,rachaad white,36
12484,12484,Jayden Higgins,WR,HOU,139.4,sf_half_ppr,BeatADP Sleeper ADP,SLEEPER|HALF_PPR|REDRAFT|2QB,2026-08-19T05:18:32.889143+00:00,850,,2026-08-15,jayden higgins,47
8134,8134,Khalil Shakir,WR,BUF,140.8,sf_half_ppr,BeatADP Sleeper ADP,SLEEPER|HALF_PPR|REDRAFT|2QB,2026-08-19T05:18:32.889143+00:00,938,,2026-08-15,khalil shakir,48
5001,5001,Dalton Schultz,TE,HOU,141.4,sf_half_ppr,BeatADP Sleeper ADP,SLEEPER|HALF_PPR|REDRAFT|2QB,2026-08-19T05:18:32.889143+00:00,341,,2026-08-15,dalton schultz,17
7002,7002,Juwan Johnson,TE,NO,142.3,sf_half_ppr,BeatADP Sleeper ADP,SLEEPER|HALF_PPR|REDRAFT|2QB,2026-08-19T05:18:32.889143+00:00,90,,2026-08-15,juwan johnson,18
12501,12501,Matthew Golden,WR,GB,143.5,sf_half_ppr,BeatADP Sleeper ADP,SLEEPER|HALF_PPR|REDRAFT|2QB,2026-08-19T05:18:32.889143+00:00,238,,2026-08-15,matthew golden,49
11646,11646,Jalen Coker,WR,CAR,145.4,sf_half_ppr,BeatADP Sleeper ADP,SLEEPER|HALF_PPR|REDRAFT|2QB,2026-08-19T05:18:32.889143+00:00,769,,2026-08-15,jalen coker,50
5872,5872,Deebo Samuel,WR,,146.9,sf_half_ppr,BeatADP Sleeper ADP,SLEEPER|HALF_PPR|REDRAFT|2QB,2026-08-19T05:18:32.889143+00:00,147,,2026-08-15,deebo samuel,51
8132,8132,Tyler Allgeier,RB,ARI,147.2,sf_half_ppr,BeatADP Sleeper ADP,SLEEPER|HALF_PPR|REDRAFT|2QB,2026-08-19T05:18:32.889143+00:00,518,,2026-08-15,tyler allgeier,37
9753,9753,Zach Charbonnet,RB,SEA,148.6,sf_half_ppr,BeatADP Sleeper ADP,SLEEPER|HALF_PPR|REDRAFT|2QB,2026-08-19T05:18:32.889143+00:00,865,,2026-08-15,zach charbonnet,38
12474,12474,Woody Marks,RB,HOU,150.3,sf_half_ppr,BeatADP Sleeper ADP,SLEEPER|HALF_PPR|REDRAFT|2QB,2026-08-19T05:18:32.889143+00:00,552,,2026-08-15,woody marks,39
3257,3257,Jacoby Brissett,QB,ARI,151.3,sf_half_ppr,BeatADP Sleeper ADP,SLEEPER|HALF_PPR|REDRAFT|2QB,2026-08-19T05:18:32.889143+00:00,707,,2026-08-15,jacoby brissett,27
1373,1373,Geno Smith,QB,NYJ,152.3,sf_half_ppr,BeatADP Sleeper ADP,SLEEPER|HALF_PPR|REDRAFT|2QB,2026-08-19T05:18:32.889143+00:00,99,,2026-08-15,geno smith,28
96,96,Aaron Rodgers,QB,PIT,152.8,sf_half_ppr,BeatADP Sleeper ADP,SLEEPER|HALF_PPR|REDRAFT|2QB,2026-08-19T05:18:32.889143+00:00,418,,2026-08-15,aaron rodgers,29
8210,8210,Chig Okonkwo,TE,WSH,154.6,sf_half_ppr,BeatADP Sleeper ADP,SLEEPER|HALF_PPR|REDRAFT|2QB,2026-08-19T05:18:32.889143+00:00,478,,2026-08-15,chig okonkwo,19
6768,6768,Tua Tagovailoa,QB,ATL,155.5,sf_half_ppr,BeatADP Sleeper ADP,SLEEPER|HALF_PPR|REDRAFT|2QB,2026-08-19T05:18:32.889143+00:00,777,,2026-08-15,tua tagovailoa,30
5844,5844,T.J. Hockenson,TE,MIN,156.8,sf_half_ppr,BeatADP Sleeper ADP,SLEEPER|HALF_PPR|REDRAFT|2QB,2026-08-19T05:18:32.889143+00:00,150,,2026-08-15,t j hockenson,20
11603,11603,AJ Barner,TE,SEA,157.7,sf_half_ppr,BeatADP Sleeper ADP,SLEEPER|HALF_PPR|REDRAFT|2QB,2026-08-19T05:18:32.889143+00:00,541,,2026-08-15,aj barner,21
8676,8676,Rashid Shaheed,WR,SEA,159.9,sf_half_ppr,BeatADP Sleeper ADP,SLEEPER|HALF_PPR|REDRAFT|2QB,2026-08-19T05:18:32.889143+00:00,394,,2026-08-15,rashid shaheed,52
13346,13346,Denzel Boston,WR,CLE,160.9,sf_half_ppr,BeatADP Sleeper ADP,SLEEPER|HALF_PPR|REDRAFT|2QB,2026-08-19T05:18:32.889143+00:00,946,,2026-08-15,denzel boston,53
4035,4035,Alvin Kamara,RB,NO,161.4,sf_half_ppr,BeatADP Sleeper ADP,SLEEPER|HALF_PPR|REDRAFT|2QB,2026-08-19T05:18:32.889143+00:00,685,,2026-08-15,alvin kamara,40
7049,7049,Jauan Jennings,WR,MIN,163.4,sf_half_ppr,BeatADP Sleeper ADP,SLEEPER|HALF_PPR|REDRAFT|2QB,2026-08-19T05:18:32.889143+00:00,527,,2026-08-15,jauan jennings,54
13345,13345,Jonah Coleman,RB,DEN,164.9,sf_half_ppr,BeatADP Sleeper ADP,SLEEPER|HALF_PPR|REDRAFT|2QB,2026-08-19T05:18:32.889143+00:00,947,,2026-08-15,jonah coleman,41
9508,9508,Tyjae Spears,RB,TEN,166.9,sf_half_ppr,BeatADP Sleeper ADP,SLEEPER|HALF_PPR|REDRAFT|2QB,2026-08-19T05:18:32.889143+00:00,859,,2026-08-15,tyjae spears,42
9511,9511,Keaton Mitchell,RB,LAC,167.5,sf_half_ppr,BeatADP Sleeper ADP,SLEEPER|HALF_PPR|REDRAFT|2QB,2026-08-19T05:18:32.889143+00:00,836,,2026-08-15,keaton mitchell,43
12530,12530,Travis Hunter,WR,JAX,168.1,sf_half_ppr,BeatADP Sleeper ADP,SLEEPER|HALF_PPR|REDRAFT|2QB,2026-08-19T05:18:32.889143+00:00,899,,2026-08-15,travis hunter,55
4137,4137,James Conner,RB,ARI,169.3,sf_half_ppr,BeatADP Sleeper ADP,SLEEPER|HALF_PPR|REDRAFT|2QB,2026-08-19T05:18:32.889143+00:00,384,,2026-08-15,james conner,44
13337,13337,Emmett Johnson,RB,KC,170.8,sf_half_ppr,BeatADP Sleeper ADP,SLEEPER|HALF_PPR|REDRAFT|2QB,2026-08-19T05:18:32.889143+00:00,954,,2026-08-15,emmett johnson,45
8205,8205,Isiah Pacheco,RB,DET,170.8,sf_half_ppr,BeatADP Sleeper ADP,SLEEPER|HALF_PPR|REDRAFT|2QB,2026-08-19T05:18:32.889143+00:00,784,,2026-08-15,isiah pacheco,46
12524,12524,Shedeur Sanders,QB,CLE,172.4,sf_half_ppr,BeatADP Sleeper ADP,SLEEPER|HALF_PPR|REDRAFT|2QB,2026-08-19T05:18:32.889143+00:00,650,,2026-08-15,shedeur sanders,31
8180,8180,Jalen Nailor,WR,LV,173.0,sf_half_ppr,BeatADP Sleeper ADP,SLEEPER|HALF_PPR|REDRAFT|2QB,2026-08-19T05:18:32.889143+00:00,880,,2026-08-15,jalen nailor,56
12502,12502,Gunnar Helm,TE,TEN,174.5,sf_half_ppr,BeatADP Sleeper ADP,SLEEPER|HALF_PPR|REDRAFT|2QB,2026-08-19T05:18:32.889143+00:00,935,,2026-08-15,gunnar helm,22
8111,8111,Cade Otton,TE,TB,175.2,sf_half_ppr,BeatADP Sleeper ADP,SLEEPER|HALF_PPR|REDRAFT|2QB,2026-08-19T05:18:32.889143+00:00,786,,2026-08-15,cade otton,23
4033,4033,David Njoku,TE,LAC,176.2,sf_half_ppr,BeatADP Sleeper ADP,SLEEPER|HALF_PPR|REDRAFT|2QB,2026-08-19T05:18:32.889143+00:00,305,,2026-08-15,david njoku,24
11618,11618,Jalen McMillan,WR,TB,177.6,sf_half_ppr,BeatADP Sleeper ADP,SLEEPER|HALF_PPR|REDRAFT|2QB,2026-08-19T05:18:32.889143+00:00,802,,2026-08-15,jalen mcmillan,57
1166,1166,Kirk Cousins,QB,LV,178.1,sf_half_ppr,BeatADP Sleeper ADP,SLEEPER|HALF_PPR|REDRAFT|2QB,2026-08-19T05:18:32.889143+00:00,302,,2026-08-15,kirk cousins,32
9225,9225,Tank Bigsby,RB,PHI,179.5,sf_half_ppr,BeatADP Sleeper ADP,SLEEPER|HALF_PPR|REDRAFT|2QB,2026-08-19T05:18:32.889143+00:00,314,,2026-08-15,tank bigsby,47
12469,12469,Dylan Sampson,RB,CLE,179.8,sf_half_ppr,BeatADP Sleeper ADP,SLEEPER|HALF_PPR|REDRAFT|2QB,2026-08-19T05:18:32.889143+00:00,722,,2026-08-15,dylan sampson,48
13293,13293,Ja'Kobi Lane,WR,BAL,181.9,sf_half_ppr,BeatADP Sleeper ADP,SLEEPER|HALF_PPR|REDRAFT|2QB,2026-08-19T05:18:32.889143+00:00,962,,2026-08-15,ja kobi lane,58
4017,4017,Deshaun Watson,QB,CLE,183.8,sf_half_ppr,BeatADP Sleeper ADP,SLEEPER|HALF_PPR|REDRAFT|2QB,2026-08-19T05:18:32.889143+00:00,372,,2026-08-15,deshaun watson,33
13320,13320,Zachariah Branch,WR,ATL,184.3,sf_half_ppr,BeatADP Sleeper ADP,SLEEPER|HALF_PPR|REDRAFT|2QB,2026-08-19T05:18:32.889143+00:00,961,,2026-08-15,zachariah branch,59
12487,12487,Terrance Ferguson,TE,LAR,185.3,sf_half_ppr,BeatADP Sleeper ADP,SLEEPER|HALF_PPR|REDRAFT|2QB,2026-08-19T05:18:32.889143+00:00,747,,2026-08-15,terrance ferguson,25
13301,13301,Antonio Williams,WR,WSH,186.7,sf_half_ppr,BeatADP Sleeper ADP,SLEEPER|HALF_PPR|REDRAFT|2QB,2026-08-19T05:18:32.889143+00:00,965,,2026-08-15,antonio williams,60
6783,6783,Jerry Jeudy,WR,CLE,187.9,sf_half_ppr,BeatADP Sleeper ADP,SLEEPER|HALF_PPR|REDRAFT|2QB,2026-08-19T05:18:32.889143+00:00,656,,2026-08-15,jerry jeudy,61
10213,10213,Tre Tucker,WR,LV,188.8,sf_half_ppr,BeatADP Sleeper ADP,SLEEPER|HALF_PPR|REDRAFT|2QB,2026-08-19T05:18:32.889143+00:00,57,,2026-08-15,tre tucker,62
12509,12509,Tre Harris,WR,LAC,189.0,sf_half_ppr,BeatADP Sleeper ADP,SLEEPER|HALF_PPR|REDRAFT|2QB,2026-08-19T05:18:32.889143+00:00,437,,2026-08-15,tre harris,63
13349,13349,Eli Stowers,TE,PHI,190.4,sf_half_ppr,BeatADP Sleeper ADP,SLEEPER|HALF_PPR|REDRAFT|2QB,2026-08-19T05:18:32.889143+00:00,948,,2026-08-15,eli stowers,26
6865,6865,Colby Parkinson,TE,LAR,191.4,sf_half_ppr,BeatADP Sleeper ADP,SLEEPER|HALF_PPR|REDRAFT|2QB,2026-08-19T05:18:32.889143+00:00,101,,2026-08-15,colby parkinson,27
11625,11625,Adonai Mitchell,WR,NYJ,192.7,sf_half_ppr,BeatADP Sleeper ADP,SLEEPER|HALF_PPR|REDRAFT|2QB,2026-08-19T05:18:32.889143+00:00,890,,2026-08-15,adonai mitchell,64
13288,13288,Nicholas Singleton,RB,TEN,193.0,sf_half_ppr,BeatADP Sleeper ADP,SLEEPER|HALF_PPR|REDRAFT|2QB,2026-08-19T05:18:32.889143+00:00,955,,2026-08-15,nicholas singleton,49
9502,9502,Tank Dell,WR,HOU,194.6,sf_half_ppr,BeatADP Sleeper ADP,SLEEPER|HALF_PPR|REDRAFT|2QB,2026-08-19T05:18:32.889143+00:00,867,,2026-08-15,tank dell,65
13275,13275,Ty Simpson,QB,LAR,195.6,sf_half_ppr,BeatADP Sleeper ADP,SLEEPER|HALF_PPR|REDRAFT|2QB,2026-08-19T05:18:32.889143+00:00,959,,2026-08-15,ty simpson,34
3321,3321,Tyreek Hill,WR,,197.3,sf_half_ppr,BeatADP Sleeper ADP,SLEEPER|HALF_PPR|REDRAFT|2QB,2026-08-19T05:18:32.889143+00:00,396,,2026-08-15,tyreek hill,66
12535,12535,Isaac TeSlaa,WR,DET,197.7,sf_half_ppr,BeatADP Sleeper ADP,SLEEPER|HALF_PPR|REDRAFT|2QB,2026-08-19T05:18:32.889143+00:00,247,,2026-08-15,isaac teslaa,67
9504,9504,Kayshon Boutte,WR,NE,199.4,sf_half_ppr,BeatADP Sleeper ADP,SLEEPER|HALF_PPR|REDRAFT|2QB,2026-08-19T05:18:32.889143+00:00,588,,2026-08-15,kayshon boutte,68
11576,11576,Braelon Allen,RB,NYJ,200.1,sf_half_ppr,BeatADP Sleeper ADP,SLEEPER|HALF_PPR|REDRAFT|2QB,2026-08-19T05:18:32.889143+00:00,589,,2026-08-15,braelon allen,50
11589,11589,Trey Benson,RB,ARI,201.1,sf_half_ppr,BeatADP Sleeper ADP,SLEEPER|HALF_PPR|REDRAFT|2QB,2026-08-19T05:18:32.889143+00:00,115,,2026-08-15,trey benson,51
11565,11565,J.J. McCarthy,QB,MIN,202.0,sf_half_ppr,BeatADP Sleeper ADP,SLEEPER|HALF_PPR|REDRAFT|2QB,2026-08-19T05:18:32.889143+00:00,472,,2026-08-15,j j mccarthy,35
11647,11647,Kimani Vidal,RB,LAC,203.1,sf_half_ppr,BeatADP Sleeper ADP,SLEEPER|HALF_PPR|REDRAFT|2QB,2026-08-19T05:18:32.889143+00:00,837,,2026-08-15,kimani vidal,52
8172,8172,Greg Dulcich,TE,MIA,226.8,sf_half_ppr,BeatADP Sleeper ADP,SLEEPER|HALF_PPR|REDRAFT|2QB,2026-08-19T05:18:32.889143+00:00,721,,2026-08-15,greg dulcich,28
7600,7600,Pat Freiermuth,TE,PIT,227.4,sf_half_ppr,BeatADP Sleeper ADP,SLEEPER|HALF_PPR|REDRAFT|2QB,2026-08-19T05:18:32.889143+00:00,287,,2026-08-15,pat freiermuth,29
13272,13272,Carson Beck,QB,ARI,228.2,sf_half_ppr,BeatADP Sleeper ADP,SLEEPER|HALF_PPR|REDRAFT|2QB,2026-08-19T05:18:32.889143+00:00,979,,2026-08-15,carson beck,36
11610,11610,Malik Washington,WR,MIA,229.8,sf_half_ppr,BeatADP Sleeper ADP,SLEEPER|HALF_PPR|REDRAFT|2QB,2026-08-19T05:18:32.889143+00:00,240,,2026-08-15,malik washington,69
11581,11581,MarShawn Lloyd,RB,GB,230.6,sf_half_ppr,BeatADP Sleeper ADP,SLEEPER|HALF_PPR|REDRAFT|2QB,2026-08-19T05:18:32.889143+00:00,669,,2026-08-15,marshawn lloyd,53
11783,11783,Ryan Flournoy,WR,DAL,231.1,sf_half_ppr,BeatADP Sleeper ADP,SLEEPER|HALF_PPR|REDRAFT|2QB,2026-08-19T05:18:32.889143+00:00,934,,2026-08-15,ryan flournoy,70
12492,12492,Pat Bryant,WR,DEN,233.0,sf_half_ppr,BeatADP Sleeper ADP,SLEEPER|HALF_PPR|REDRAFT|2QB,2026-08-19T05:18:32.889143+00:00,699,,2026-08-15,pat bryant,71
8698,8698,Jake Tonges,TE,SF,233.4,sf_half_ppr,BeatADP Sleeper ADP,SLEEPER|HALF_PPR|REDRAFT|2QB,2026-08-19T05:18:32.889143+00:00,50,,2026-08-15,jake tonges,30
13405,13405,Kaytron Allen,RB,WSH,235.2,sf_half_ppr,BeatADP Sleeper ADP,SLEEPER|HALF_PPR|REDRAFT|2QB,2026-08-19T05:18:32.889143+00:00,956,,2026-08-15,kaytron allen,54
4993,4993,Mike Gesicki,TE,CIN,236.5,sf_half_ppr,BeatADP Sleeper ADP,SLEEPER|HALF_PPR|REDRAFT|2QB,2026-08-19T05:18:32.889143+00:00,906,,2026-08-15,mike gesicki,31
12457,12457,Jaydon Blue,RB,DAL,237.1,sf_half_ppr,BeatADP Sleeper ADP,SLEEPER|HALF_PPR|REDRAFT|2QB,2026-08-19T05:18:32.889143+00:00,815,,2026-08-15,jaydon blue,55
9486,9486,Dontayvion Wicks,WR,PHI,238.7,sf_half_ppr,BeatADP Sleeper ADP,SLEEPER|HALF_PPR|REDRAFT|2QB,2026-08-19T05:18:32.889143+00:00,844,,2026-08-15,dontayvion wicks,72
12498,12498,Mason Taylor,TE,NYJ,239.3,sf_half_ppr,BeatADP Sleeper ADP,SLEEPER|HALF_PPR|REDRAFT|2QB,2026-08-19T05:18:32.889143+00:00,445,,2026-08-15,mason taylor,32
13317,13317,Ted Hurst,WR,TB,240.2,sf_half_ppr,BeatADP Sleeper ADP,SLEEPER|HALF_PPR|REDRAFT|2QB,2026-08-19T05:18:32.889143+00:00,974,,2026-08-15,ted hurst,73
11575,11575,Ray Davis,RB,BUF,241.8,sf_half_ppr,BeatADP Sleeper ADP,SLEEPER|HALF_PPR|REDRAFT|2QB,2026-08-19T05:18:32.889143+00:00,325,,2026-08-15,ray davis,56
4066,4066,Evan Engram,TE,DEN,242.7,sf_half_ppr,BeatADP Sleeper ADP,SLEEPER|HALF_PPR|REDRAFT|2QB,2026-08-19T05:18:32.889143+00:00,46,,2026-08-15,evan engram,33
13274,13274,Germie Bernard,WR,PIT,242.7,sf_half_ppr,BeatADP Sleeper ADP,SLEEPER|HALF_PPR|REDRAFT|2QB,2026-08-19T05:18:32.889143+00:00,960,,2026-08-15,germie bernard,74
11627,11627,Troy Franklin,WR,DEN,244.3,sf_half_ppr,BeatADP Sleeper ADP,SLEEPER|HALF_PPR|REDRAFT|2QB,2026-08-19T05:18:32.889143+00:00,681,,2026-08-15,troy franklin,75
9506,9506,Sean Tucker,RB,TB,245.3,sf_half_ppr,BeatADP Sleeper ADP,SLEEPER|HALF_PPR|REDRAFT|2QB,2026-08-19T05:18:32.889143+00:00,183,,2026-08-15,sean tucker,57
13285,13285,Malachi Fields,WR,NYG,246.4,sf_half_ppr,BeatADP Sleeper ADP,SLEEPER|HALF_PPR|REDRAFT|2QB,2026-08-19T05:18:32.889143+00:00,964,,2026-08-15,malachi fields,76
13347,13347,Demond Claiborne,RB,MIN,247.4,sf_half_ppr,BeatADP Sleeper ADP,SLEEPER|HALF_PPR|REDRAFT|2QB,2026-08-19T05:18:32.889143+00:00,963,,2026-08-15,demond claiborne,58
11597,11597,Theo Johnson,TE,NYG,248.5,sf_half_ppr,BeatADP Sleeper ADP,SLEEPER|HALF_PPR|REDRAFT|2QB,2026-08-19T05:18:32.889143+00:00,870,,2026-08-15,theo johnson,34
4981,4981,Calvin Ridley,WR,TEN,249.8,sf_half_ppr,BeatADP Sleeper ADP,SLEEPER|HALF_PPR|REDRAFT|2QB,2026-08-19T05:18:32.889143+00:00,499,,2026-08-15,calvin ridley,77
7527,7527,Mac Jones,QB,SF,250.0,sf_half_ppr,BeatADP Sleeper ADP,SLEEPER|HALF_PPR|REDRAFT|2QB,2026-08-19T05:18:32.889143+00:00,402,,2026-08-15,mac jones,37
4039,4039,Cooper Kupp,WR,SEA,251.0,sf_half_ppr,BeatADP Sleeper ADP,SLEEPER|HALF_PPR|REDRAFT|2QB,2026-08-19T05:18:32.889143+00:00,369,,2026-08-15,cooper kupp,78
13311,13311,Chris Bell,WR,MIA,251.3,sf_half_ppr,BeatADP Sleeper ADP,SLEEPER|HALF_PPR|REDRAFT|2QB,2026-08-19T05:18:32.889143+00:00,958,,2026-08-15,chris bell,79
5995,5995,Justice Hill,RB,BAL,253.1,sf_half_ppr,BeatADP Sleeper ADP,SLEEPER|HALF_PPR|REDRAFT|2QB,2026-08-19T05:18:32.889143+00:00,936,,2026-08-15,justice hill,59
12540,12540,Chimere Dike,WR,TEN,254.6,sf_half_ppr,BeatADP Sleeper ADP,SLEEPER|HALF_PPR|REDRAFT|2QB,2026-08-19T05:18:32.889143+00:00,911,,2026-08-15,chimere dike,80
9479,9479,Darnell Washington,TE,PIT,255.0,sf_half_ppr,BeatADP Sleeper ADP,SLEEPER|HALF_PPR|REDRAFT|2QB,2026-08-19T05:18:32.889143+00:00,70,,2026-08-15,darnell washington,35
12536,12536,Jaylin Noel,WR,HOU,256.5,sf_half_ppr,BeatADP Sleeper ADP,SLEEPER|HALF_PPR|REDRAFT|2QB,2026-08-19T05:18:32.889143+00:00,404,,2026-08-15,jaylin noel,81
12497,12497,Tory Horton,WR,SEA,257.9,sf_half_ppr,BeatADP Sleeper ADP,SLEEPER|HALF_PPR|REDRAFT|2QB,2026-08-19T05:18:32.889143+00:00,274,,2026-08-15,tory horton,82
7591,7591,Justin Fields,QB,KC,258.3,sf_half_ppr,BeatADP Sleeper ADP,SLEEPER|HALF_PPR|REDRAFT|2QB,2026-08-19T05:18:32.889143+00:00,5,,2026-08-15,justin fields,38
7090,7090,Darnell Mooney,WR,NYG,260.1,sf_half_ppr,BeatADP Sleeper ADP,SLEEPER|HALF_PPR|REDRAFT|2QB,2026-08-19T05:18:32.889143+00:00,67,,2026-08-15,darnell mooney,83
11643,11643,Jaylen Wright,RB,MIA,260.8,sf_half_ppr,BeatADP Sleeper ADP,SLEEPER|HALF_PPR|REDRAFT|2QB,2026-08-19T05:18:32.889143+00:00,647,,2026-08-15,jaylen wright,60
11435,11435,Emanuel Wilson,RB,SEA,262.6,sf_half_ppr,BeatADP Sleeper ADP,SLEEPER|HALF_PPR|REDRAFT|2QB,2026-08-19T05:18:32.889143+00:00,125,,2026-08-15,emanuel wilson,61
13268,13268,Elijah Sarratt,WR,BAL,263.8,sf_half_ppr,BeatADP Sleeper ADP,SLEEPER|HALF_PPR|REDRAFT|2QB,2026-08-19T05:18:32.889143+00:00,952,,2026-08-15,elijah sarratt,84
7571,7571,Rashod Bateman,WR,BAL,264.7,sf_half_ppr,BeatADP Sleeper ADP,SLEEPER|HALF_PPR|REDRAFT|2QB,2026-08-19T05:18:32.889143+00:00,640,,2026-08-15,rashod bateman,85
9482,9482,Michael Mayer,TE,LV,265.8,sf_half_ppr,BeatADP Sleeper ADP,SLEEPER|HALF_PPR|REDRAFT|2QB,2026-08-19T05:18:32.889143+00:00,852,,2026-08-15,michael mayer,36
1479,1479,Keenan Allen,WR,,266.6,sf_half_ppr,BeatADP Sleeper ADP,SLEEPER|HALF_PPR|REDRAFT|2QB,2026-08-19T05:18:32.889143+00:00,231,,2026-08-15,keenan allen,86
11637,11637,Keon Coleman,WR,BUF,267.1,sf_half_ppr,BeatADP Sleeper ADP,SLEEPER|HALF_PPR|REDRAFT|2QB,2026-08-19T05:18:32.889143+00:00,523,,2026-08-15,keon coleman,87
12499,12499,Elic Ayomanor,WR,TEN,268.3,sf_half_ppr,BeatADP Sleeper ADP,SLEEPER|HALF_PPR|REDRAFT|2QB,2026-08-19T05:18:32.889143+00:00,356,,2026-08-15,elic ayomanor,88
6803,6803,Brandon Aiyuk,WR,SF,269.9,sf_half_ppr,BeatADP Sleeper ADP,SLEEPER|HALF_PPR|REDRAFT|2QB,2026-08-19T05:18:32.889143+00:00,796,,2026-08-15,brandon aiyuk,89
11638,11638,Ricky Pearsall,WR,SF,277.8,sf_half_ppr,BeatADP Sleeper ADP,SLEEPER|HALF_PPR|REDRAFT|2QB,2026-08-19T05:18:32.889143+00:00,129,,2026-08-15,ricky pearsall,90
13296,13296,Caleb Douglas,WR,MIA,278.1,sf_half_ppr,BeatADP Sleeper ADP,SLEEPER|HALF_PPR|REDRAFT|2QB,2026-08-19T05:18:32.889143+00:00,1001,,2026-08-15,caleb douglas,91
12521,12521,Elijah Arroyo,TE,SEA,278.6,sf_half_ppr,BeatADP Sleeper ADP,SLEEPER|HALF_PPR|REDRAFT|2QB,2026-08-19T05:18:32.889143+00:00,257,,2026-08-15,elijah arroyo,37
12467,12467,Jordan James,RB,SF,281.3,sf_half_ppr,BeatADP Sleeper ADP,SLEEPER|HALF_PPR|REDRAFT|2QB,2026-08-19T05:18:32.889143+00:00,364,,2026-08-15,jordan james,62
4147,4147,Samaje Perine,RB,CIN,282.8,sf_half_ppr,BeatADP Sleeper ADP,SLEEPER|HALF_PPR|REDRAFT|2QB,2026-08-19T05:18:32.889143+00:00,498,,2026-08-15,samaje perine,63
13402,13402,Skyler Bell,WR,BUF,284.5,sf_half_ppr,BeatADP Sleeper ADP,SLEEPER|HALF_PPR|REDRAFT|2QB,2026-08-19T05:18:32.889143+00:00,967,,2026-08-15,skyler bell,92
12483,12483,Jack Bech,WR,LV,286.6,sf_half_ppr,BeatADP Sleeper ADP,SLEEPER|HALF_PPR|REDRAFT|2QB,2026-08-19T05:18:32.889143+00:00,892,,2026-08-15,jack bech,93
6826,6826,Cole Kmet,TE,CHI,287.4,sf_half_ppr,BeatADP Sleeper ADP,SLEEPER|HALF_PPR|REDRAFT|2QB,2026-08-19T05:18:32.889143+00:00,801,,2026-08-15,cole kmet,38
13303,13303,Cade Klubnik,QB,NYJ,287.9,sf_half_ppr,BeatADP Sleeper ADP,SLEEPER|HALF_PPR|REDRAFT|2QB,2026-08-19T05:18:32.889143+00:00,981,,2026-08-15,cade klubnik,39
5906,5906,Dawson Knox,TE,BUF,289.8,sf_half_ppr,BeatADP Sleeper ADP,SLEEPER|HALF_PPR|REDRAFT|2QB,2026-08-19T05:18:32.889143+00:00,895,,2026-08-15,dawson knox,39
8188,8188,Tyquan Thornton,WR,KC,290.5,sf_half_ppr,BeatADP Sleeper ADP,SLEEPER|HALF_PPR|REDRAFT|2QB,2026-08-19T05:18:32.889143+00:00,725,,2026-08-15,tyquan thornton,94
10226,10226,Andrei Iosivas,WR,CIN,291.3,sf_half_ppr,BeatADP Sleeper ADP,SLEEPER|HALF_PPR|REDRAFT|2QB,2026-08-19T05:18:32.889143+00:00,925,,2026-08-15,andrei iosivas,95
2306,2306,Jameis Winston,QB,NYG,292.2,sf_half_ppr,BeatADP Sleeper ADP,SLEEPER|HALF_PPR|REDRAFT|2QB,2026-08-19T05:18:32.889143+00:00,223,,2026-08-15,jameis winston,40
13400,13400,Justin Joly,TE,DEN,293.6,sf_half_ppr,BeatADP Sleeper ADP,SLEEPER|HALF_PPR|REDRAFT|2QB,2026-08-19T05:18:32.889143+00:00,978,,2026-08-15,justin joly,40
13278,13278,Max Klare,TE,LAR,294.5,sf_half_ppr,BeatADP Sleeper ADP,SLEEPER|HALF_PPR|REDRAFT|2QB,2026-08-19T05:18:32.889143+00:00,971,,2026-08-15,max klare,41
11834,11834,Devaughn Vele,WR,NO,295.2,sf_half_ppr,BeatADP Sleeper ADP,SLEEPER|HALF_PPR|REDRAFT|2QB,2026-08-19T05:18:32.889143+00:00,414,,2026-08-15,devaughn vele,96
12504,12504,Kaleb Johnson,RB,PIT,296.8,sf_half_ppr,BeatADP Sleeper ADP,SLEEPER|HALF_PPR|REDRAFT|2QB,2026-08-19T05:18:32.889143+00:00,538,,2026-08-15,kaleb johnson,64
19,19,Joe Flacco,QB,CIN,298.5,sf_half_ppr,BeatADP Sleeper ADP,SLEEPER|HALF_PPR|REDRAFT|2QB,2026-08-19T05:18:32.889143+00:00,514,,2026-08-15,joe flacco,41
4950,4950,Christian Kirk,WR,SF,299.9,sf_half_ppr,BeatADP Sleeper ADP,SLEEPER|HALF_PPR|REDRAFT|2QB,2026-08-19T05:18:32.889143+00:00,788,,2026-08-15,christian kirk,97
11571,11571,Isaiah Davis,RB,NYJ,300.4,sf_half_ppr,BeatADP Sleeper ADP,SLEEPER|HALF_PPR|REDRAFT|2QB,2026-08-19T05:18:32.889143+00:00,516,,2026-08-15,isaiah davis,65
12547,12547,Kyle Williams,WR,NE,301.8,sf_half_ppr,BeatADP Sleeper ADP,SLEEPER|HALF_PPR|REDRAFT|2QB,2026-08-19T05:18:32.889143+00:00,269,,2026-08-15,kyle williams,98
2307,2307,Marcus Mariota,QB,WSH,302.5,sf_half_ppr,BeatADP Sleeper ADP,SLEEPER|HALF_PPR|REDRAFT|2QB,2026-08-19T05:18:32.889143+00:00,233,,2026-08-15,marcus mariota,42
7528,7528,Najee Harris,RB,,303.4,sf_half_ppr,BeatADP Sleeper ADP,SLEEPER|HALF_PPR|REDRAFT|2QB,2026-08-19T05:18:32.889143+00:00,308,,2026-08-15,najee harris,66
4018,4018,Joe Mixon,RB,,304.1,sf_half_ppr,BeatADP Sleeper ADP,SLEEPER|HALF_PPR|REDRAFT|2QB,2026-08-19T05:18:32.889143+00:00,761,,2026-08-15,joe mixon,67
12476,12476,Devin Neal,RB,NO,305.3,sf_half_ppr,BeatADP Sleeper ADP,SLEEPER|HALF_PPR|REDRAFT|2QB,2026-08-19T05:18:32.889143+00:00,711,,2026-08-15,devin neal,68
12455,12455,Brashard Smith,RB,KC,305.6,sf_half_ppr,BeatADP Sleeper ADP,SLEEPER|HALF_PPR|REDRAFT|2QB,2026-08-19T05:18:32.889143+00:00,246,,2026-08-15,brashard smith,69
2505,2505,Darren Waller,TE,,307.9,sf_half_ppr,BeatADP Sleeper ADP,SLEEPER|HALF_PPR|REDRAFT|2QB,2026-08-19T05:18:32.889143+00:00,503,,2026-08-15,darren waller,42
11370,11370,Chris Brooks,RB,GB,317.8,sf_half_ppr,BeatADP Sleeper ADP,SLEEPER|HALF_PPR|REDRAFT|2QB,2026-08-19T05:18:32.889143+00:00,430,,2026-08-15,chris brooks,70
8127,8127,Charlie Kolar,TE,LAC,318.9,sf_half_ppr,BeatADP Sleeper ADP,SLEEPER|HALF_PPR|REDRAFT|2QB,2026-08-19T05:18:32.889143+00:00,96,,2026-08-15,charlie kolar,43
8917,8917,KaVontae Turpin,WR,DAL,319.1,sf_half_ppr,BeatADP Sleeper ADP,SLEEPER|HALF_PPR|REDRAFT|2QB,2026-08-19T05:18:32.889143+00:00,110,,2026-08-15,kavontae turpin,99
13302,13302,Adam Randall,RB,BAL,320.8,sf_half_ppr,BeatADP Sleeper ADP,SLEEPER|HALF_PPR|REDRAFT|2QB,2026-08-19T05:18:32.889143+00:00,970,,2026-08-15,adam randall,71
11199,11199,Emari Demercado,RB,KC,321.8,sf_half_ppr,BeatADP Sleeper ADP,SLEEPER|HALF_PPR|REDRAFT|2QB,2026-08-19T05:18:32.889143+00:00,579,,2026-08-15,emari demercado,72
13319,13319,Oscar Delp,TE,NO,322.7,sf_half_ppr,BeatADP Sleeper ADP,SLEEPER|HALF_PPR|REDRAFT|2QB,2026-08-19T05:18:32.889143+00:00,998,,2026-08-15,oscar delp,44
7828,7828,Noah Gray,TE,KC,323.6,sf_half_ppr,BeatADP Sleeper ADP,SLEEPER|HALF_PPR|REDRAFT|2QB,2026-08-19T05:18:32.889143+00:00,278,,2026-08-15,noah gray,45
6149,6149,Darius Slayton,WR,NYG,324.0,sf_half_ppr,BeatADP Sleeper ADP,SLEEPER|HALF_PPR|REDRAFT|2QB,2026-08-19T05:18:32.889143+00:00,173,,2026-08-15,darius slayton,100
13380,13380,Brenen Thompson,WR,LAC,326.7,sf_half_ppr,BeatADP Sleeper ADP,SLEEPER|HALF_PPR|REDRAFT|2QB,2026-08-19T05:18:32.889143+00:00,1002,,2026-08-15,brenen thompson,101
8119,8119,Jahan Dotson,WR,ATL,327.8,sf_half_ppr,BeatADP Sleeper ADP,SLEEPER|HALF_PPR|REDRAFT|2QB,2026-08-19T05:18:32.889143+00:00,896,,2026-08-15,jahan dotson,102
11626,11626,Xavier Legette,WR,CAR,330.1,sf_half_ppr,BeatADP Sleeper ADP,SLEEPER|HALF_PPR|REDRAFT|2QB,2026-08-19T05:18:32.889143+00:00,486,,2026-08-15,xavier legette,103
9501,9501,DeMario Douglas,WR,NE,331.9,sf_half_ppr,BeatADP Sleeper ADP,SLEEPER|HALF_PPR|REDRAFT|2QB,2026-08-19T05:18:32.889143+00:00,86,,2026-08-15,demario douglas,104
12470,12470,Riley Leonard,QB,IND,332.5,sf_half_ppr,BeatADP Sleeper ADP,SLEEPER|HALF_PPR|REDRAFT|2QB,2026-08-19T05:18:32.889143+00:00,213,,2026-08-15,riley leonard,43
12510,12510,Jalen Milroe,QB,SEA,332.6,sf_half_ppr,BeatADP Sleeper ADP,SLEEPER|HALF_PPR|REDRAFT|2QB,2026-08-19T05:18:32.889143+00:00,687,,2026-08-15,jalen milroe,44
8117,8117,Jalen Tolbert,WR,MIA,334.8,sf_half_ppr,BeatADP Sleeper ADP,SLEEPER|HALF_PPR|REDRAFT|2QB,2026-08-19T05:18:32.889143+00:00,805,,2026-08-15,jalen tolbert,105
12511,12511,Will Howard,QB,PIT,335.1,sf_half_ppr,BeatADP Sleeper ADP,SLEEPER|HALF_PPR|REDRAFT|2QB,2026-08-19T05:18:32.889143+00:00,884,,2026-08-15,will howard,45
6039,6039,Ty Johnson,RB,BUF,336.6,sf_half_ppr,BeatADP Sleeper ADP,SLEEPER|HALF_PPR|REDRAFT|2QB,2026-08-19T05:18:32.889143+00:00,922,,2026-08-15,ty johnson,73
13404,13404,Garrett Nussmeier,QB,KC,337.7,sf_half_ppr,BeatADP Sleeper ADP,SLEEPER|HALF_PPR|REDRAFT|2QB,2026-08-19T05:18:32.889143+00:00,969,,2026-08-15,garrett nussmeier,46
13401,13401,Michael Trigg,TE,DAL,338.2,sf_half_ppr,BeatADP Sleeper ADP,SLEEPER|HALF_PPR|REDRAFT|2QB,2026-08-19T05:18:32.889143+00:00,973,,2026-08-15,michael trigg,46
11600,11600,Ja'Tavion Sanders,TE,CAR,339.3,sf_half_ppr,BeatADP Sleeper ADP,SLEEPER|HALF_PPR|REDRAFT|2QB,2026-08-19T05:18:32.889143+00:00,635,,2026-08-15,ja tavion sanders,47
8800,8800,Malik Davis,RB,DAL,341.3,sf_half_ppr,BeatADP Sleeper ADP,SLEEPER|HALF_PPR|REDRAFT|2QB,2026-08-19T05:18:32.889143+00:00,540,,2026-08-15,malik davis,74
12500,12500,Quinn Ewers,QB,MIA,341.7,sf_half_ppr,BeatADP Sleeper ADP,SLEEPER|HALF_PPR|REDRAFT|2QB,2026-08-19T05:18:32.889143+00:00,568,,2026-08-15,quinn ewers,47
11579,11579,Audric Estime,RB,NO,343.4,sf_half_ppr,BeatADP Sleeper ADP,SLEEPER|HALF_PPR|REDRAFT|2QB,2026-08-19T05:18:32.889143+00:00,905,,2026-08-15,audric estime,75
11569,11569,Jarquez Hunter,RB,LAR,344.1,sf_half_ppr,BeatADP Sleeper ADP,SLEEPER|HALF_PPR|REDRAFT|2QB,2026-08-19T05:18:32.889143+00:00,65,,2026-08-15,jarquez hunter,76
12471,12471,DJ Giddens,RB,IND,345.1,sf_half_ppr,BeatADP Sleeper ADP,SLEEPER|HALF_PPR|REDRAFT|2QB,2026-08-19T05:18:32.889143+00:00,586,,2026-08-15,dj giddens,77
11256,11256,Tyson Bagent,QB,CHI,346.8,sf_half_ppr,BeatADP Sleeper ADP,SLEEPER|HALF_PPR|REDRAFT|2QB,2026-08-19T05:18:32.889143+00:00,461,,2026-08-15,tyson bagent,48
9757,9757,Kendre Miller,RB,NO,347.2,sf_half_ppr,BeatADP Sleeper ADP,SLEEPER|HALF_PPR|REDRAFT|2QB,2026-08-19T05:18:32.889143+00:00,629,,2026-08-15,kendre miller,78
8013,8013,Tim Jones,WR,JAX,350.5,sf_half_ppr,BeatADP Sleeper ADP,SLEEPER|HALF_PPR|REDRAFT|2QB,2026-08-19T05:18:32.889143+00:00,820,,2026-08-15,tim jones,106
7599,7599,Jermar Jefferson,RB,,356.0,sf_half_ppr,BeatADP Sleeper ADP,SLEEPER|HALF_PPR|REDRAFT|2QB,2026-08-19T05:18:32.889143+00:00,62,,2026-08-15,jermar jefferson,79
7233,7233,Andre Baccellia,WR,,357.0,sf_half_ppr,BeatADP Sleeper ADP,SLEEPER|HALF_PPR|REDRAFT|2QB,2026-08-19T05:18:32.889143+00:00,279,,2026-08-15,andre baccellia,107
13314,13314,Luke Altmyer,QB,DET,364.0,sf_half_ppr,BeatADP Sleeper ADP,SLEEPER|HALF_PPR|REDRAFT|2QB,2026-08-19T05:18:32.889143+00:00,1029,,2026-08-15,luke altmyer,49
10863,10863,A.T. Perry,WR,PIT,370.0,sf_half_ppr,BeatADP Sleeper ADP,SLEEPER|HALF_PPR|REDRAFT|2QB,2026-08-19T05:18:32.889143+00:00,182,,2026-08-15,a t perry,108
6451,6451,Stephen Carlson,TE,CHI,375.0,sf_half_ppr,BeatADP Sleeper ADP,SLEEPER|HALF_PPR|REDRAFT|2QB,2026-08-19T05:18:32.889143+00:00,512,,2026-08-15,stephen carlson,48
6453,6453,D.J. Montgomery,WR,,377.5,sf_half_ppr,BeatADP Sleeper ADP,SLEEPER|HALF_PPR|REDRAFT|2QB,2026-08-19T05:18:32.889143+00:00,355,,2026-08-15,d j montgomery,109
2711,2711,Taylor Heinicke,QB,,392.0,sf_half_ppr,BeatADP Sleeper ADP,SLEEPER|HALF_PPR|REDRAFT|2QB,2026-08-19T05:18:32.889143+00:00,288,,2026-08-15,taylor heinicke,50
11558,11558,Sam Hartman,QB,WSH,398.0,sf_half_ppr,BeatADP Sleeper ADP,SLEEPER|HALF_PPR|REDRAFT|2QB,2026-08-19T05:18:32.889143+00:00,916,,2026-08-15,sam hartman,51
8227,8227,Teagan Quitoriano,TE,ARI,401.7,sf_half_ppr,BeatADP Sleeper ADP,SLEEPER|HALF_PPR|REDRAFT|2QB,2026-08-19T05:18:32.889143+00:00,483,,2026-08-15,teagan quitoriano,49
5937,5937,Diontae Johnson,WR,,402.0,sf_half_ppr,BeatADP Sleeper ADP,SLEEPER|HALF_PPR|REDRAFT|2QB,2026-08-19T05:18:32.889143+00:00,745,,2026-08-15,diontae johnson,110
11748,11748,Bub Means,WR,NO,403.5,sf_half_ppr,BeatADP Sleeper ADP,SLEEPER|HALF_PPR|REDRAFT|2QB,2026-08-19T05:18:32.889143+00:00,740,,2026-08-15,bub means,111
8414,8414,Britain Covey,WR,PHI,408.5,sf_half_ppr,BeatADP Sleeper ADP,SLEEPER|HALF_PPR|REDRAFT|2QB,2026-08-19T05:18:32.889143+00:00,159,,2026-08-15,britain covey,112
12477,12477,Kurtis Rourke,QB,SF,409.0,sf_half_ppr,BeatADP Sleeper ADP,SLEEPER|HALF_PPR|REDRAFT|2QB,2026-08-19T05:18:32.889143+00:00,765,,2026-08-15,kurtis rourke,52
8235,8235,Samori Toure,WR,PHI,413.8,sf_half_ppr,BeatADP Sleeper ADP,SLEEPER|HALF_PPR|REDRAFT|2QB,2026-08-19T05:18:32.889143+00:00,387,,2026-08-15,samori toure,113
1837,1837,Jimmy Garoppolo,QB,,414.0,sf_half_ppr,BeatADP Sleeper ADP,SLEEPER|HALF_PPR|REDRAFT|2QB,2026-08-19T05:18:32.889143+00:00,217,,2026-08-15,jimmy garoppolo,53
11237,11237,Jacob Saylors,RB,DET,428.0,sf_half_ppr,BeatADP Sleeper ADP,SLEEPER|HALF_PPR|REDRAFT|2QB,2026-08-19T05:18:32.889143+00:00,737,,2026-08-15,jacob saylors,80
8002,8002,Shane Buechele,QB,BUF,430.0,sf_half_ppr,BeatADP Sleeper ADP,SLEEPER|HALF_PPR|REDRAFT|2QB,2026-08-19T05:18:32.889143+00:00,564,,2026-08-15,shane buechele,54
7842,7842,Luke Farrell,TE,SF,434.0,sf_half_ppr,BeatADP Sleeper ADP,SLEEPER|HALF_PPR|REDRAFT|2QB,2026-08-19T05:18:32.889143+00:00,28,,2026-08-15,luke farrell,50
5917,5917,Mecole Hardman,WR,BUF,437.0,sf_half_ppr,BeatADP Sleeper ADP,SLEEPER|HALF_PPR|REDRAFT|2QB,2026-08-19T05:18:32.889143+00:00,724,,2026-08-15,mecole hardman,114
8123,8123,Hassan Haskins,RB,,440.5,sf_half_ppr,BeatADP Sleeper ADP,SLEEPER|HALF_PPR|REDRAFT|2QB,2026-08-19T05:18:32.889143+00:00,680,,2026-08-15,hassan haskins,81
